<?xml version="1.0" encoding="UTF-8"?>
  <sensor totalcount="12" listend="1">
   <prtg-version>23.2.84.1566</prtg-version>
   <item>
    <objid>23098</objid>
    <name>Ping</name>
   </item>
   <item>
    <objid>23099</objid>
    <name>SNMP CPU 負載</name>
   </item>
   <item>
    <objid>23100</objid>
    <name>Memory: Physical memory</name>
   </item>
   <item>
    <objid>23101</objid>
    <name>Memory: Swap space</name>
   </item>
   <item>
    <objid>23102</objid>
    <name>Memory: Virtual memory</name>
   </item>
   <item>
    <objid>23103</objid>
    <name>Disk Free: /</name>
   </item>
   <item>
    <objid>23104</objid>
    <name>Disk Free: /boot</name>
   </item>
   <item>
    <objid>23105</objid>
    <name>Disk Free: /dev/shm</name>
   </item>
   <item>
    <objid>23107</objid>
    <name>(002) eth0 Traffic</name>
   </item>
   <item>
    <objid>23108</objid>
    <name>(003) eth1 Traffic</name>
   </item>
   <item>
    <objid>23111</objid>
    <name>(006) bond0 Traffic</name>
   </item>
   <item>
    <objid>49902</objid>
    <name>SNMP System Uptime</name>
   </item>
  </sensor>
