<?xml version="1.0" encoding="UTF-8"?>
  <sensor totalcount="13" listend="1">
   <prtg-version>23.2.84.1566</prtg-version>
   <item>
    <objid>22738</objid>
    <name>Ping</name>
   </item>
   <item>
    <objid>22739</objid>
    <name>SNMP CPU 負載</name>
   </item>
   <item>
    <objid>22740</objid>
    <name>Memory: Physical memory</name>
   </item>
   <item>
    <objid>22741</objid>
    <name>Memory: Swap space</name>
   </item>
   <item>
    <objid>22742</objid>
    <name>Memory: Virtual memory</name>
   </item>
   <item>
    <objid>22743</objid>
    <name>Disk Free: /</name>
   </item>
   <item>
    <objid>22744</objid>
    <name>Disk Free: /boot</name>
   </item>
   <item>
    <objid>22745</objid>
    <name>Disk Free: /dev/shm</name>
   </item>
   <item>
    <objid>22747</objid>
    <name>(002) eth0 Traffic</name>
   </item>
   <item>
    <objid>22748</objid>
    <name>(003) eth1 Traffic</name>
   </item>
   <item>
    <objid>22751</objid>
    <name>(006) bond0 Traffic</name>
   </item>
   <item>
    <objid>49891</objid>
    <name>SNMP System Uptime</name>
   </item>
   <item>
    <objid>62569</objid>
    <name>Disk Free: /home</name>
   </item>
  </sensor>
