<?xml version="1.0" encoding="UTF-8"?>
  <sensor totalcount="8" listend="1">
   <prtg-version>23.2.84.1566</prtg-version>
   <item>
    <objid>25010</objid>
    <name>SNMP HP Proliant 系統健康狀況</name>
   </item>
   <item>
    <objid>25011</objid>
    <name>SNMP 系統正常執行時間</name>
   </item>
   <item>
    <objid>25027</objid>
    <name>Physical Disk: Port 1I Box 2 Bay 2 Y390A0O5FTM21345</name>
   </item>
   <item>
    <objid>25028</objid>
    <name>Physical Disk: Port 2I Box 2 Bay 6 Y390A0YFFTM21345</name>
   </item>
   <item>
    <objid>25029</objid>
    <name>Physical Disk: Port 2I Box 2 Bay 7 Y3A0A0BNFTM21345</name>
   </item>
   <item>
    <objid>25030</objid>
    <name>Physical Disk: Port 1I Box 2 Bay 1 Y3A0A0GWFTM21345</name>
   </item>
   <item>
    <objid>25031</objid>
    <name>Physical Disk: Port 2I Box 2 Bay 5 Y3A0A10GFTM21345</name>
   </item>
   <item>
    <objid>25032</objid>
    <name>Physical Disk: Port 1I Box 2 Bay 3 Y3A0A156FTM21345</name>
   </item>
  </sensor>
