<?xml version="1.0" encoding="UTF-8"?>
  <sensor totalcount="8" listend="1">
   <prtg-version>23.2.84.1566</prtg-version>
   <item>
    <objid>25019</objid>
    <name>SNMP HP Proliant 系統健康狀況</name>
   </item>
   <item>
    <objid>25020</objid>
    <name>SNMP 系統正常執行時間</name>
   </item>
   <item>
    <objid>25021</objid>
    <name>Physical Disk: Port 1I Box 2 Bay 2 Y3A0A0DRFTM21345</name>
   </item>
   <item>
    <objid>25022</objid>
    <name>Physical Disk: Port 2I Box 2 Bay 6 Y3A0A0MEFTM21345</name>
   </item>
   <item>
    <objid>25023</objid>
    <name>Physical Disk: Port 1I Box 2 Bay 1 Y3A0A0QTFTM21345</name>
   </item>
   <item>
    <objid>25024</objid>
    <name>Physical Disk: Port 2I Box 2 Bay 5 Y3A0A0WAFTM21345</name>
   </item>
   <item>
    <objid>25025</objid>
    <name>Physical Disk: Port 2I Box 2 Bay 7 Y3A0A0YRFTM21345</name>
   </item>
   <item>
    <objid>25026</objid>
    <name>Physical Disk: Port 1I Box 2 Bay 3 Y3A0A0ZIFTM21345</name>
   </item>
  </sensor>
