<?xml version="1.0" encoding="UTF-8"?>
  <sensor totalcount="8" listend="1">
   <prtg-version>23.2.84.1566</prtg-version>
   <item>
    <objid>23269</objid>
    <name>SNMP HP Proliant 系統健康狀況</name>
   </item>
   <item>
    <objid>23272</objid>
    <name>Physical Disk: Port 2I Box 2 Bay 6 X390A19UFTM21341</name>
   </item>
   <item>
    <objid>23273</objid>
    <name>Physical Disk: Port 1I Box 2 Bay 2 X390A1AOFTM21341</name>
   </item>
   <item>
    <objid>23274</objid>
    <name>Physical Disk: Port 2I Box 2 Bay 5 X3A0A01UFTM21341</name>
   </item>
   <item>
    <objid>23275</objid>
    <name>Physical Disk: Port 1I Box 2 Bay 3 Y3A0A0F0FTM21345</name>
   </item>
   <item>
    <objid>23276</objid>
    <name>Physical Disk: Port 1I Box 2 Bay 1 Y3A0A0YUFTM21345</name>
   </item>
   <item>
    <objid>23277</objid>
    <name>Physical Disk: Port 2I Box 2 Bay 7 Y3A0A101FTM21345</name>
   </item>
   <item>
    <objid>24945</objid>
    <name>SNMP 系統正常執行時間</name>
   </item>
  </sensor>
