<?xml version="1.0" encoding="UTF-8"?>
  <sensor totalcount="14" listend="1">
   <prtg-version>23.2.84.1566</prtg-version>
   <item>
    <objid>23050</objid>
    <name>PING 1</name>
   </item>
   <item>
    <objid>25123</objid>
    <name>SNMP CPU 負載</name>
   </item>
   <item>
    <objid>25191</objid>
    <name>Memory: Physical memory</name>
   </item>
   <item>
    <objid>25192</objid>
    <name>Memory: Swap space</name>
   </item>
   <item>
    <objid>25193</objid>
    <name>Memory: Virtual memory</name>
   </item>
   <item>
    <objid>25194</objid>
    <name>Disk Free: /</name>
   </item>
   <item>
    <objid>25195</objid>
    <name>Disk Free: /dev/shm</name>
   </item>
   <item>
    <objid>25196</objid>
    <name>Disk Free: /boot</name>
   </item>
   <item>
    <objid>25197</objid>
    <name>Disk Free: /home</name>
   </item>
   <item>
    <objid>25200</objid>
    <name>(010) bond0 Traffic</name>
   </item>
   <item>
    <objid>25201</objid>
    <name>(002) eth0 Traffic</name>
   </item>
   <item>
    <objid>25202</objid>
    <name>(006) eth4 Traffic</name>
   </item>
   <item>
    <objid>49898</objid>
    <name>SNMP System Uptime</name>
   </item>
   <item>
    <objid>59625</objid>
    <name>Process : httpd</name>
   </item>
  </sensor>
