<?xml version="1.0" encoding="UTF-8"?>
  <sensor totalcount="13" listend="1">
   <prtg-version>23.2.84.1566</prtg-version>
   <item>
    <objid>65338</objid>
    <name>Dell System Health</name>
   </item>
   <item>
    <objid>65339</objid>
    <name>Physical Disk 0:1:9</name>
   </item>
   <item>
    <objid>65340</objid>
    <name>Physical Disk 0:1:0</name>
   </item>
   <item>
    <objid>65341</objid>
    <name>Physical Disk 0:1:10</name>
   </item>
   <item>
    <objid>65342</objid>
    <name>Physical Disk 0:1:7</name>
   </item>
   <item>
    <objid>65343</objid>
    <name>Physical Disk 0:1:3</name>
   </item>
   <item>
    <objid>65344</objid>
    <name>Physical Disk 0:1:11</name>
   </item>
   <item>
    <objid>65345</objid>
    <name>Physical Disk 0:1:8</name>
   </item>
   <item>
    <objid>65346</objid>
    <name>Physical Disk 0:1:1</name>
   </item>
   <item>
    <objid>65347</objid>
    <name>Physical Disk 0:1:4</name>
   </item>
   <item>
    <objid>65348</objid>
    <name>Physical Disk 0:1:2</name>
   </item>
   <item>
    <objid>65349</objid>
    <name>Physical Disk 0:1:6</name>
   </item>
   <item>
    <objid>65350</objid>
    <name>Physical Disk 0:1:5</name>
   </item>
  </sensor>
