<?xml version="1.0" encoding="UTF-8"?>
  <sensor totalcount="13" listend="1">
   <prtg-version>23.2.84.1566</prtg-version>
   <item>
    <objid>65307</objid>
    <name>Physical Disk 0:1:11</name>
   </item>
   <item>
    <objid>65308</objid>
    <name>Physical Disk 0:1:1</name>
   </item>
   <item>
    <objid>65309</objid>
    <name>Physical Disk 0:1:9</name>
   </item>
   <item>
    <objid>65310</objid>
    <name>Physical Disk 0:1:8</name>
   </item>
   <item>
    <objid>65311</objid>
    <name>Physical Disk 0:1:0</name>
   </item>
   <item>
    <objid>65312</objid>
    <name>Physical Disk 0:1:5</name>
   </item>
   <item>
    <objid>65313</objid>
    <name>Physical Disk 0:1:6</name>
   </item>
   <item>
    <objid>65314</objid>
    <name>Physical Disk 0:1:10</name>
   </item>
   <item>
    <objid>65315</objid>
    <name>Physical Disk 0:1:7</name>
   </item>
   <item>
    <objid>65316</objid>
    <name>Physical Disk 0:1:4</name>
   </item>
   <item>
    <objid>65317</objid>
    <name>Physical Disk 0:1:2</name>
   </item>
   <item>
    <objid>65318</objid>
    <name>Physical Disk 0:1:3</name>
   </item>
   <item>
    <objid>65351</objid>
    <name>Dell System Health</name>
   </item>
  </sensor>
