<?xml version="1.0" encoding="UTF-8"?>
  <channels totalcount="0" listend="1">
   <prtg-version>23.2.84.1566</prtg-version>
   <item>
    <objid>0</objid>
    <objid_raw>0000000000</objid_raw>
    <name>向內流量</name>
   </item>
   <item>
    <objid>-1</objid>
    <objid_raw>*000000001</objid_raw>
    <name>流量合計</name>
   </item>
   <item>
    <objid>-4</objid>
    <objid_raw>*000000004</objid_raw>
    <name>下線時間</name>
   </item>
   <item>
    <objid>1</objid>
    <objid_raw>0000000001</objid_raw>
    <name>向外流量</name>
   </item>
   <item>
    <objid>2</objid>
    <objid_raw>0000000002</objid_raw>
    <name>向內單播</name>
   </item>
   <item>
    <objid>3</objid>
    <objid_raw>0000000003</objid_raw>
    <name>向外單播</name>
   </item>
   <item>
    <objid>6</objid>
    <objid_raw>0000000006</objid_raw>
    <name>向內組播</name>
   </item>
   <item>
    <objid>7</objid>
    <objid_raw>0000000007</objid_raw>
    <name>向外組播</name>
   </item>
   <item>
    <objid>8</objid>
    <objid_raw>0000000008</objid_raw>
    <name>向內廣播</name>
   </item>
   <item>
    <objid>9</objid>
    <objid_raw>0000000009</objid_raw>
    <name>向外廣播</name>
   </item>
   <item>
    <objid>10</objid>
    <objid_raw>0000000010</objid_raw>
    <name>向內錯誤</name>
   </item>
   <item>
    <objid>11</objid>
    <objid_raw>0000000011</objid_raw>
    <name>向外錯誤</name>
   </item>
   <item>
    <objid>12</objid>
    <objid_raw>0000000012</objid_raw>
    <name>向內廢除</name>
   </item>
   <item>
    <objid>13</objid>
    <objid_raw>0000000013</objid_raw>
    <name>向外廢除</name>
   </item>
   <item>
    <objid>14</objid>
    <objid_raw>0000000014</objid_raw>
    <name>未知向內協議</name>
   </item>
  </channels>
