<?xml version="1.0" encoding="UTF-8"?>
  <sensor totalcount="14" listend="1">
   <prtg-version>23.2.84.1566</prtg-version>
   <item>
    <objid>22878</objid>
    <name>PING 1</name>
   </item>
   <item>
    <objid>22883</objid>
    <name>正常執行時間 1</name>
   </item>
   <item>
    <objid>22884</objid>
    <name>(001) lo Traffic</name>
   </item>
   <item>
    <objid>22885</objid>
    <name>(002) eth0 Traffic</name>
   </item>
   <item>
    <objid>22886</objid>
    <name>(003) eth1 Traffic</name>
   </item>
   <item>
    <objid>22887</objid>
    <name>(006) bond0 Traffic</name>
   </item>
   <item>
    <objid>22888</objid>
    <name>Disk Free: /</name>
   </item>
   <item>
    <objid>22889</objid>
    <name>Disk Free: /dev/shm</name>
   </item>
   <item>
    <objid>22890</objid>
    <name>Disk Free: /boot</name>
   </item>
   <item>
    <objid>22891</objid>
    <name>CPU 負載 1</name>
   </item>
   <item>
    <objid>22892</objid>
    <name>Memory: Physical memory</name>
   </item>
   <item>
    <objid>22893</objid>
    <name>Memory: Virtual memory</name>
   </item>
   <item>
    <objid>22894</objid>
    <name>Memory: Swap space</name>
   </item>
   <item>
    <objid>22898</objid>
    <name>Active Processes 1</name>
   </item>
  </sensor>
