<?xml version="1.0" encoding="UTF-8"?>
  <sensor totalcount="16" listend="1">
   <prtg-version>23.2.84.1566</prtg-version>
   <item>
    <objid>22783</objid>
    <name>Ping</name>
   </item>
   <item>
    <objid>22784</objid>
    <name>SNMP CPU 負載</name>
   </item>
   <item>
    <objid>22785</objid>
    <name>Memory: Physical memory</name>
   </item>
   <item>
    <objid>22786</objid>
    <name>Memory: Swap space</name>
   </item>
   <item>
    <objid>22787</objid>
    <name>Memory: Virtual memory</name>
   </item>
   <item>
    <objid>22788</objid>
    <name>Disk Free: /</name>
   </item>
   <item>
    <objid>22789</objid>
    <name>Disk Free: /dev/shm</name>
   </item>
   <item>
    <objid>22790</objid>
    <name>Disk Free: /boot</name>
   </item>
   <item>
    <objid>22791</objid>
    <name>Disk Free: /home</name>
   </item>
   <item>
    <objid>49889</objid>
    <name>SNMP System Uptime</name>
   </item>
   <item>
    <objid>59715</objid>
    <name>(001) lo Traffic</name>
   </item>
   <item>
    <objid>59716</objid>
    <name>(002) enp3s0f0 Traffic</name>
   </item>
   <item>
    <objid>59717</objid>
    <name>(003) enp3s0f1 Traffic</name>
   </item>
   <item>
    <objid>59718</objid>
    <name>(004) enp4s0f0 Traffic</name>
   </item>
   <item>
    <objid>59719</objid>
    <name>(005) enp4s0f1 Traffic</name>
   </item>
   <item>
    <objid>59720</objid>
    <name>(006) bond0 Traffic</name>
   </item>
  </sensor>
