<?xml version="1.0" encoding="UTF-8"?>
  <sensor totalcount="8" listend="1">
   <prtg-version>23.2.84.1566</prtg-version>
   <item>
    <objid>25007</objid>
    <name>SNMP HP Proliant 系統健康狀況</name>
   </item>
   <item>
    <objid>25008</objid>
    <name>SNMP 系統正常執行時間</name>
   </item>
   <item>
    <objid>25033</objid>
    <name>Physical Disk: Port 2I Box 2 Bay 6 X3B0A0T2FTM21341</name>
   </item>
   <item>
    <objid>25034</objid>
    <name>Physical Disk: Port 2I Box 2 Bay 5 Y390A0R6FTM21345</name>
   </item>
   <item>
    <objid>25035</objid>
    <name>Physical Disk: Port 2I Box 2 Bay 7 Y3A0A09OFTM21345</name>
   </item>
   <item>
    <objid>25036</objid>
    <name>Physical Disk: Port 1I Box 2 Bay 2 Y3A0A0EQFTM21345</name>
   </item>
   <item>
    <objid>25037</objid>
    <name>Physical Disk: Port 1I Box 2 Bay 1 Y3A0A0X5FTM21345</name>
   </item>
   <item>
    <objid>25038</objid>
    <name>Physical Disk: Port 1I Box 2 Bay 3 Y3A0A0YWFTM21345</name>
   </item>
  </sensor>
