<?xml version="1.0" encoding="UTF-8"?>
  <sensor totalcount="15" listend="1">
   <prtg-version>23.2.84.1566</prtg-version>
   <item>
    <objid>22723</objid>
    <name>Ping</name>
   </item>
   <item>
    <objid>22724</objid>
    <name>SNMP CPU 負載</name>
   </item>
   <item>
    <objid>22725</objid>
    <name>Memory: Physical memory</name>
   </item>
   <item>
    <objid>22726</objid>
    <name>Memory: Swap space</name>
   </item>
   <item>
    <objid>22727</objid>
    <name>Memory: Virtual memory</name>
   </item>
   <item>
    <objid>22728</objid>
    <name>Disk Free: /</name>
   </item>
   <item>
    <objid>22729</objid>
    <name>Disk Free: /boot</name>
   </item>
   <item>
    <objid>22730</objid>
    <name>Disk Free: /dev/shm</name>
   </item>
   <item>
    <objid>22733</objid>
    <name>(003) eth1 Traffic</name>
   </item>
   <item>
    <objid>22734</objid>
    <name>(004) eth2 Traffic</name>
   </item>
   <item>
    <objid>22735</objid>
    <name>(005) eth3 Traffic</name>
   </item>
   <item>
    <objid>22736</objid>
    <name>(006) bond0 Traffic</name>
   </item>
   <item>
    <objid>25295</objid>
    <name>Processes: Radiusd</name>
   </item>
   <item>
    <objid>25296</objid>
    <name>Processes: HTTPD</name>
   </item>
   <item>
    <objid>49887</objid>
    <name>SNMP System Uptime</name>
   </item>
  </sensor>
