<?xml version="1.0" encoding="UTF-8"?>
  <sensor totalcount="8" listend="1">
   <prtg-version>23.2.84.1566</prtg-version>
   <item>
    <objid>24974</objid>
    <name>SNMP HP Proliant 系統健康狀況</name>
   </item>
   <item>
    <objid>36048</objid>
    <name>Physical Disk: Port 1I Box 2 Bay 4 PLXKV5WE</name>
   </item>
   <item>
    <objid>36049</objid>
    <name>Physical Disk: Port 1I Box 2 Bay 3 PLXL1DAE</name>
   </item>
   <item>
    <objid>36050</objid>
    <name>Physical Disk: Port 2I Bay 5 PLXL9SSE</name>
   </item>
   <item>
    <objid>36051</objid>
    <name>Physical Disk: Port 2I Bay 6 PLXLGR3E</name>
   </item>
   <item>
    <objid>36052</objid>
    <name>Physical Disk: Port 1I Box 2 Bay 1 PLXLHXYE</name>
   </item>
   <item>
    <objid>36053</objid>
    <name>Physical Disk: Port 1I Box 2 Bay 2 PLXLJD9E</name>
   </item>
   <item>
    <objid>38373</objid>
    <name>SNMP 系統正常執行時間</name>
   </item>
  </sensor>
