<?xml version="1.0" encoding="UTF-8"?>
  <sensor totalcount="14" listend="1">
   <prtg-version>23.2.84.1566</prtg-version>
   <item>
    <objid>23184</objid>
    <name>PING 1</name>
   </item>
   <item>
    <objid>23207</objid>
    <name>正常執行時間 1</name>
   </item>
   <item>
    <objid>23209</objid>
    <name>(002) eth0 Traffic</name>
   </item>
   <item>
    <objid>23210</objid>
    <name>(003) eth1 Traffic</name>
   </item>
   <item>
    <objid>23211</objid>
    <name>(009) bond0 Traffic</name>
   </item>
   <item>
    <objid>23212</objid>
    <name>Disk Free: /</name>
   </item>
   <item>
    <objid>23213</objid>
    <name>Disk Free: /dev/shm</name>
   </item>
   <item>
    <objid>23214</objid>
    <name>Disk Free: /boot</name>
   </item>
   <item>
    <objid>23215</objid>
    <name>CPU 負載 1</name>
   </item>
   <item>
    <objid>23216</objid>
    <name>Memory: Physical memory</name>
   </item>
   <item>
    <objid>23217</objid>
    <name>Memory: Virtual memory</name>
   </item>
   <item>
    <objid>23218</objid>
    <name>Memory: Swap space</name>
   </item>
   <item>
    <objid>25225</objid>
    <name>Processes: Radiusd</name>
   </item>
   <item>
    <objid>25283</objid>
    <name>Processes: HTTPD</name>
   </item>
  </sensor>
