<?xml version="1.0" encoding="UTF-8"?>
  <sensor totalcount="14" listend="1">
   <prtg-version>23.2.84.1566</prtg-version>
   <item>
    <objid>23051</objid>
    <name>PING 1</name>
   </item>
   <item>
    <objid>25203</objid>
    <name>SNMP CPU 負載</name>
   </item>
   <item>
    <objid>25204</objid>
    <name>Memory: Physical memory</name>
   </item>
   <item>
    <objid>25205</objid>
    <name>Memory: Swap space</name>
   </item>
   <item>
    <objid>25206</objid>
    <name>Memory: Virtual memory</name>
   </item>
   <item>
    <objid>25207</objid>
    <name>(010) bond0 Traffic</name>
   </item>
   <item>
    <objid>25208</objid>
    <name>(002) eth0 Traffic</name>
   </item>
   <item>
    <objid>25209</objid>
    <name>(006) eth4 Traffic</name>
   </item>
   <item>
    <objid>25210</objid>
    <name>Disk Free: /</name>
   </item>
   <item>
    <objid>25211</objid>
    <name>Disk Free: /dev/shm</name>
   </item>
   <item>
    <objid>25212</objid>
    <name>Disk Free: /boot</name>
   </item>
   <item>
    <objid>25213</objid>
    <name>Disk Free: /home</name>
   </item>
   <item>
    <objid>25220</objid>
    <name>Processes: HTTPD</name>
   </item>
   <item>
    <objid>49899</objid>
    <name>SNMP System Uptime</name>
   </item>
  </sensor>
