<?xml version="1.0" encoding="UTF-8"?>
  <sensor totalcount="18" listend="1">
   <prtg-version>23.2.84.1566</prtg-version>
   <item>
    <objid>22916</objid>
    <name>Ping</name>
   </item>
   <item>
    <objid>22917</objid>
    <name>SNMP CPU 負載</name>
   </item>
   <item>
    <objid>22918</objid>
    <name>Memory: Physical memory</name>
   </item>
   <item>
    <objid>22919</objid>
    <name>Memory: Swap space</name>
   </item>
   <item>
    <objid>22920</objid>
    <name>Memory: Virtual memory</name>
   </item>
   <item>
    <objid>22957</objid>
    <name>Disk Free: /</name>
   </item>
   <item>
    <objid>22958</objid>
    <name>Disk Free: /dev/shm</name>
   </item>
   <item>
    <objid>22959</objid>
    <name>Disk Free: /boot</name>
   </item>
   <item>
    <objid>22960</objid>
    <name>Disk Free: /home</name>
   </item>
   <item>
    <objid>49890</objid>
    <name>SNMP System Uptime</name>
   </item>
   <item>
    <objid>59701</objid>
    <name>(001) lo Traffic</name>
   </item>
   <item>
    <objid>59702</objid>
    <name>(002) enp3s0f0 Traffic</name>
   </item>
   <item>
    <objid>59703</objid>
    <name>(003) enp3s0f1 Traffic</name>
   </item>
   <item>
    <objid>59704</objid>
    <name>(004) enp4s0f0 Traffic</name>
   </item>
   <item>
    <objid>59705</objid>
    <name>(005) enp4s0f1 Traffic</name>
   </item>
   <item>
    <objid>59706</objid>
    <name>(006) ens2f0 Traffic</name>
   </item>
   <item>
    <objid>59707</objid>
    <name>(007) ens2f1 Traffic</name>
   </item>
   <item>
    <objid>59708</objid>
    <name>(008) bond0 Traffic</name>
   </item>
  </sensor>
