<?xml version="1.0" encoding="UTF-8"?>
  <sensor totalcount="10" listend="1">
   <prtg-version>23.2.84.1566</prtg-version>
   <item>
    <objid>24936</objid>
    <name>SNMP HP Proliant 系統健康狀況</name>
   </item>
   <item>
    <objid>24937</objid>
    <name>Physical Disk: Port 2I Box 2 Bay 8 PPWK7SPB</name>
   </item>
   <item>
    <objid>24938</objid>
    <name>Physical Disk: Port 1I Box 2 Bay 4 PPWKX2HB</name>
   </item>
   <item>
    <objid>24939</objid>
    <name>Physical Disk: Port 2I Box 2 Bay 5 PPWLR2EB</name>
   </item>
   <item>
    <objid>24940</objid>
    <name>Physical Disk: Port 1I Box 2 Bay 2 PPWLW67B</name>
   </item>
   <item>
    <objid>24941</objid>
    <name>Physical Disk: Port 2I Box 2 Bay 7 PPWLZRYB</name>
   </item>
   <item>
    <objid>24942</objid>
    <name>Physical Disk: Port 1I Box 2 Bay 3 PPWM1RGB</name>
   </item>
   <item>
    <objid>24943</objid>
    <name>Physical Disk: Port 2I Box 2 Bay 6 PPWM2B1B</name>
   </item>
   <item>
    <objid>24944</objid>
    <name>Physical Disk: Port 1I Box 2 Bay 1 PPWM30WB</name>
   </item>
   <item>
    <objid>24946</objid>
    <name>SNMP 系統正常執行時間</name>
   </item>
  </sensor>
